user,created_at,updated_at,type,site_admin,public_repos,public_gists,followers,following,company,blog,location,hireable,bio,twitter_username
Davidfrosted,2026-04-10T18:54:21Z,2026-05-16T17:00:33Z,User,False,2,0,1,1,,,,,Crypto Enthusiast ,
Wereca,2025-04-19T23:23:55Z,2026-02-24T21:55:38Z,User,False,1,0,3,8,,,,,,
dasko2026,2026-04-19T06:48:30Z,2026-04-19T06:52:04Z,User,False,2,0,0,1,,,,,Interested in blockchain,
mdsajibmolla666-gif,2026-03-26T04:59:02Z,2026-05-15T11:24:10Z,User,False,4,0,0,1,,https://goldenpanda-es.com/app.html,,,Reseñas del goldenpanda Las opinions de los usuarios son un reflejo importante de lo que representa goldenpanda en la industria del juego en línea y muchos las ,
Ahmedcu1,2026-02-22T15:27:51Z,2026-05-04T18:34:25Z,User,False,8,0,2,4,,,,,,
burilisman,2026-03-27T23:49:13Z,2026-04-27T11:10:31Z,User,False,0,0,1,3,,,,,,
robinjohnston25,2024-07-11T15:13:54Z,2026-05-12T14:00:14Z,User,False,13,0,7,11,,,,,,
mdasura9292,2025-12-30T14:57:50Z,2026-04-02T21:37:08Z,User,False,6,0,3,6,,,,,,
vkua1959,2023-05-02T03:19:41Z,2026-05-03T15:57:36Z,User,False,2,0,0,3,,,,,,
fariyassssss,2026-02-23T02:59:50Z,2026-02-23T03:00:11Z,User,False,3,0,3,5,,,,,,
alerud73,2026-03-25T22:01:52Z,2026-03-25T22:02:52Z,User,False,1,0,0,0,,,,,,
Lesjes,2026-03-01T16:56:06Z,2026-03-28T21:23:31Z,User,False,1,0,1,4,,,,,,Olivialee0325
tjpriya2110-cloud,2026-04-04T15:25:18Z,2026-04-04T15:25:18Z,User,False,3,0,2,0,,,,,,
Welest-hub,2025-05-11T19:37:27Z,2026-04-09T21:21:05Z,User,False,20,0,7,15,,,Ukraine,,My boi,
EVGENI2904,2025-07-25T09:37:35Z,2025-09-10T14:03:22Z,User,False,1,0,1,1,,,,,,
dmitriishum2018-lab,2026-05-06T19:58:14Z,2026-05-06T19:58:14Z,User,False,0,0,0,0,,,,,,
murshida9397,2026-03-02T17:34:06Z,2026-03-02T17:34:06Z,User,False,3,0,1,2,,,,,,
hussainnazmul140-hue,2026-02-01T16:51:05Z,2026-04-19T14:44:31Z,User,False,8,0,3,11,,,,,,
bahil2653-sketch,2026-02-07T10:53:56Z,2026-03-03T10:56:00Z,User,False,3,0,2,1,,,,,,
oldforward,2026-03-29T14:40:19Z,2026-03-29T14:40:19Z,User,False,2,0,0,0,,,,,,
hman19877,2026-02-19T22:19:08Z,2026-02-19T22:19:08Z,User,False,1,0,0,3,,,,,,
abasy8,2025-03-05T11:48:04Z,2026-05-19T22:24:33Z,User,False,0,0,0,7,,,,,,
bevberu,2025-01-14T23:35:32Z,2026-03-06T11:01:38Z,User,False,0,0,2,2,,,,,,
rimirivye-droid,2026-05-17T22:29:56Z,2026-05-17T22:32:06Z,User,False,1,0,0,1,,,,,,
Sanpen43,2024-11-07T19:11:12Z,2026-04-26T14:20:47Z,User,False,1,0,1,3,,,,,,
yulia4325,2026-02-20T23:21:28Z,2026-05-17T23:34:16Z,User,False,2,0,1,2,,,,,Student ,
mdshevle-ux,2025-10-17T04:32:46Z,2026-05-13T00:42:16Z,User,False,5,0,0,4,,,,,,
nila468426-dev,2026-04-03T22:15:03Z,2026-04-03T22:15:03Z,User,False,0,0,0,3,,,,,,
a5yal44678-coder,2025-08-09T12:40:40Z,2026-03-19T16:55:11Z,User,False,8,0,4,22,,,,,,
fukkus82,2025-04-02T08:35:52Z,2026-04-07T13:38:51Z,User,False,3,0,2,3,,,,,,
dimk24,2021-11-03T16:01:28Z,2026-04-20T02:19:02Z,User,False,5,0,0,7,,,,,,
malek4786-pixel,2026-04-09T15:07:29Z,2026-05-16T23:32:02Z,User,False,0,1,0,1,,,,,,
fahimrs729-glitch,2026-02-20T10:41:27Z,2026-05-06T09:06:00Z,User,False,6,0,2,2,,,,,,
babulsheikh963-prog,2026-03-21T00:25:32Z,2026-04-19T10:08:23Z,User,False,5,0,0,1,,,,,I am a crypto enthusiast and learner,
sezan58,2026-04-08T15:57:03Z,2026-04-08T16:12:18Z,User,False,4,0,0,0,,,Chittagong,,Introvert,
gitmhsiyam010,2026-01-06T09:44:31Z,2026-01-07T15:13:31Z,User,False,3,0,0,0,,,,,,
Jackson8785,2025-12-06T05:59:45Z,2026-01-23T09:46:57Z,User,False,3,0,4,2,Leadsworker.com,Leadsworker.com,Bangladesh ,,I'm affiliate marketer ,
mongsala123,2026-03-15T02:57:29Z,2026-04-06T11:36:04Z,User,False,5,0,0,2,,,,,,
ekekram001-hash,2026-04-25T07:41:44Z,2026-04-25T07:41:44Z,User,False,0,0,0,1,,,,,,
ahmadkawsar917-ai,2026-04-11T02:54:27Z,2026-04-11T02:56:23Z,User,False,6,0,2,5,,,,,Crypto annalist ,
deymanai994-ctrl,2026-05-01T16:01:34Z,2026-05-01T16:01:34Z,User,False,0,0,0,5,,,,,,
hosamnabil2016,2016-10-23T22:35:37Z,2026-05-12T14:12:23Z,User,False,0,0,2,0,,,,,,
MaureenKroos,2025-06-26T17:12:34Z,2026-05-12T19:13:38Z,User,False,4,0,3,6,,,,,,
moudud001,2026-02-07T04:21:51Z,2026-03-01T14:11:54Z,User,False,4,0,3,1,,,,,,
sorkarmilon24-wq,2026-02-23T13:26:41Z,2026-03-15T12:55:58Z,User,False,5,0,3,3,,,,,,
xunayedrafi58-ai,2025-11-23T10:51:14Z,2025-12-19T04:14:36Z,User,False,6,0,3,2,,,,,,
mdmayaop2-hue,2026-04-17T13:27:59Z,2026-04-17T13:27:59Z,User,False,0,0,0,1,,,,,,
safuyankabir-cloud,2026-04-26T18:59:46Z,2026-04-26T19:01:49Z,User,False,7,0,0,1,,,,,,
roninbms,2025-03-23T05:32:19Z,2026-04-30T04:31:46Z,User,False,5,0,1,0,,,,,,
Lion-fahad,2023-10-02T17:44:32Z,2023-10-02T17:44:32Z,User,False,4,0,1,2,,,,,,
hossainzahid010-create,2026-02-23T10:36:00Z,2026-03-20T12:47:42Z,User,False,8,0,2,8,,,,,,
fedorn814,2026-04-08T15:37:47Z,2026-04-27T09:58:29Z,User,False,3,0,0,0,,,,,,
kazimuhinuddinkamrul-art,2026-02-22T12:32:42Z,2026-04-11T03:51:29Z,User,False,5,0,1,2,,,,,,
emin71182-droid,2025-08-29T09:46:45Z,2025-08-29T09:46:45Z,User,False,0,0,0,1,,,,,,
marinad0122333-jpg,2026-04-02T15:25:22Z,2026-04-09T04:48:30Z,User,False,1,0,0,0,,,,,,
andryklim40,2025-12-31T10:41:51Z,2026-04-10T19:16:19Z,User,False,10,0,7,7,,,,,Crypto enthusiast,
jonwiliam243,2026-04-01T02:15:18Z,2026-04-01T02:15:18Z,User,False,0,0,0,0,,,,,,
nusratsanta82-debug,2026-02-07T04:35:33Z,2026-05-13T14:52:22Z,User,False,8,0,0,2,,https://lucky-vibe-casino.com/,,,"Lucky Vibe offers a dedicated Android application that grants access to over 100 blackjack variations, hundreds of pokies.",
talhaalish2-wq,2026-02-12T11:38:29Z,2026-02-12T11:38:29Z,User,False,2,0,0,1,,,,,,
3xamen,2026-05-12T04:22:20Z,2026-05-12T04:23:02Z,User,False,0,0,0,0,,,,,,
lorsaa,2019-08-23T02:24:01Z,2026-05-16T07:36:43Z,User,False,0,0,0,0,,,,,,
itsokay-ui,2026-02-02T13:40:41Z,2026-04-02T22:16:50Z,User,False,9,0,4,6,,,,,,
mahovicoleg1-crypto,2026-01-31T05:33:10Z,2026-04-10T19:44:20Z,User,False,8,0,5,6,,,,,Crypto best,
hussienroro9988776655-cyber,2025-08-29T12:49:18Z,2025-08-29T12:49:51Z,User,False,1,0,0,2,,,,,,
olegbobrik1111,2025-12-31T10:45:38Z,2026-04-10T20:05:45Z,User,False,11,0,6,9,,,,,Interested in blockchain,
adam672673-blip,2026-05-06T07:49:36Z,2026-05-06T07:49:36Z,User,False,0,0,0,0,,,,,,
rotonrana5100-sudo,2026-03-28T09:27:11Z,2026-03-28T09:27:11Z,User,False,0,0,2,1,,,,,,
azu,2008-08-06T05:42:30Z,2026-05-02T08:56:28Z,User,False,1482,987,2830,357,,https://efcl.info/,Tokyo/Japan,,"Creator of @textlint, @secretlint, @honkit and @almin.
Editor of @efcl, @jser and @ecmascript-daily.
Author of @js-primer.
(Don't send me email-ad.)",azu_re
hasibul25121989-bot,2026-02-07T07:34:47Z,2026-02-07T07:51:57Z,User,False,1,0,0,0,,,,,@hasib001,
kui,2008-10-18T14:50:35Z,2026-01-18T11:45:58Z,User,False,137,79,72,43,,k-ui.jp,Chiba,,,
sustovo95-ai,2026-03-11T15:45:29Z,2026-03-11T15:45:29Z,User,False,0,0,1,1,,,,,,
abdurrahimn7-rgb,2026-03-13T10:15:33Z,2026-03-13T10:26:50Z,User,False,1,0,1,0,,,,,,
gohatol1963-dotcom,2026-03-27T10:36:36Z,2026-03-27T10:39:46Z,User,False,0,0,0,0,,,,,,
sumaiya8632,2026-05-10T02:51:57Z,2026-05-10T02:52:10Z,User,False,0,0,0,2,,,,,,
Resviahmad1,2026-05-09T12:38:54Z,2026-05-09T12:39:25Z,User,False,0,0,1,0,,,,,,
biliakvitalii9,2026-01-27T14:41:25Z,2026-01-27T14:41:25Z,User,False,4,0,6,5,,,,,,
riccreativestudio-beep,2026-02-07T18:41:28Z,2026-04-13T12:40:40Z,User,False,3,0,2,1,,,,,,
sfedik249-crypto,2026-04-17T11:02:05Z,2026-05-11T06:50:53Z,User,False,7,2,0,20,,,,,,
nishad5341,2026-04-10T20:41:29Z,2026-04-10T20:47:13Z,User,False,2,0,0,0,,,,,Interested in blockchain,
vikk764,2025-12-02T07:45:08Z,2026-04-29T09:26:44Z,User,False,2,0,0,1,,,,,,
aleksmadenisov-eng,2026-05-02T06:19:54Z,2026-05-02T06:19:54Z,User,False,0,0,0,1,,,,,,
sasaplus1,2010-06-19T15:34:07Z,2026-01-19T01:07:08Z,User,False,139,0,85,47,,https://www.sasaplus1.com,"Tokyo, Japan",,"TypeScript, JavaScript, Bash, Vim, Git, Build mechanical keyboard, etc. sandbox: @sasaplus1-prototype ",sasaplus1
thynt2,2018-01-20T13:22:45Z,2026-04-05T10:40:13Z,User,False,11,1,4,8,,,,,,
osurko153,2026-02-01T18:57:42Z,2026-04-19T06:47:05Z,User,False,6,0,2,5,,,,,"Crypto enthusiast, interested in blockchain technologies",
hisaichi5518,2010-04-20T11:05:36Z,2025-08-31T06:48:59Z,User,False,109,40,106,94,,http://hisaichi5518.hatenablog.jp/,"Tokyo, Japan",,#dart #flutter #golang #swift #kotlin #java #android #ruby #perl,
536991,2026-04-10T12:04:09Z,2026-04-10T17:54:51Z,User,False,3,0,1,1,,,,, Coding enthusiast ,
masum138kk-sketch,2026-05-04T03:30:32Z,2026-05-04T03:30:32Z,User,False,1,0,0,0,,,,,,
AYMAN2448,2026-03-26T17:10:25Z,2026-03-26T17:10:25Z,User,False,4,0,0,3,,,,,,
maryaatt89-code,2026-03-08T18:42:22Z,2026-04-10T21:35:12Z,User,False,3,0,5,14,,,,,,
9968896,2024-01-21T00:25:29Z,2026-05-18T06:53:41Z,User,False,8,0,1,1,,,,,,
Barhatt,2025-04-10T16:38:44Z,2026-04-20T02:25:39Z,User,False,8,0,2,12,,,,,,
Vadim8085,2025-06-30T20:51:43Z,2026-05-18T06:59:54Z,User,False,0,0,1,0,,,,,,
joaopalmeiro,2016-02-09T00:59:52Z,2026-05-13T06:39:24Z,User,False,282,9,113,489,Feedzai,https://joao.town/,"Lisboa, Portugal",,Data Visualization Engineer at Feedzai,
sosiskadydy-beep,2026-01-06T12:13:24Z,2026-04-01T13:58:23Z,User,False,2,0,0,2,,,,,,
Tom12349,2026-04-11T10:55:48Z,2026-05-18T07:14:53Z,User,False,1,0,0,1,,,,,Economy student ,
milfhubgit,2026-03-31T09:34:46Z,2026-05-15T13:40:34Z,User,False,5,0,0,0,,,,,,
rlespinasse,2011-12-22T15:02:49Z,2026-04-29T15:02:10Z,User,False,45,22,140,227,@Sfeir  ,romainlespinasse.dev,"Lille, France",,I'm not young enough to know everything. ,
diptho123,2026-02-26T10:47:07Z,2026-02-26T10:47:22Z,User,False,2,0,0,0,,,,,,
egorgar05331364-lab,2026-04-25T10:27:22Z,2026-04-28T07:56:17Z,User,False,0,0,0,0,,,,,,
kotarotaniguchi0523,2022-11-26T04:12:02Z,2026-05-17T23:59:44Z,User,False,25,0,4,8,,,,,,
nozomi-koborinai,2018-05-24T05:08:30Z,2026-04-29T01:37:59Z,User,False,40,0,54,41,,kobofender@gmail.com,"Tokyo, Japan",,🏆 Google Cloud Partner Top Engineer  2025 & 2026 / 🤖 Author of @mastering-genkit,
takachino,2015-07-07T01:50:42Z,2026-05-11T23:49:27Z,User,False,32,1,1,1,,,,,,takachino
aileot,2019-01-08T03:29:50Z,2026-05-08T08:50:20Z,User,False,101,0,19,68,,,,,,
anamuratova,2015-05-12T14:00:09Z,2026-02-02T21:12:08Z,User,False,4,0,14,8,,,LA,,,
ronnnnn,2015-05-13T00:19:58Z,2026-05-02T10:30:16Z,User,False,24,21,42,0,Sakana AI,,"Tokyo, Japan",,,ronnnnn_jp
kyong0612,2020-05-09T03:06:07Z,2026-05-20T07:55:45Z,User,False,143,7,15,20,,,,,kyong,kyongshiii06
ohakutsu,2018-05-08T01:50:59Z,2026-05-07T05:55:29Z,User,False,26,5,21,28,@increments,https://ohakutsu.com/,Japan,,,ohakutsu
hayato-osh,2020-11-07T07:39:46Z,2026-05-13T13:20:13Z,User,False,15,0,17,43,@yumemi-inc,,,,Hayato Oshima,fastman2nd
endoumame,2021-07-26T09:14:10Z,2026-04-24T01:34:31Z,User,False,54,1,3,43,,,"Osaka, Japan",,Web application developer,
shrek-kurata,2017-09-17T08:31:09Z,2026-03-22T02:11:52Z,User,False,80,6,50,208,PoliPoli,https://shrek-kurata.com/,Japan,True,,amnosmusic13
0xTadash1,2019-10-07T15:07:15Z,2026-03-21T17:07:17Z,User,False,29,18,17,39,,,"Chiba, Japan",,Linux 🐧 ShellScript 🐚 CLI ,
sasaken555,2015-12-03T14:46:27Z,2026-04-26T16:24:45Z,User,False,41,20,19,25,IBM Japan,https://ponzmild.hatenablog.com/,"Tokyo, Japan",,Application Architect working for @IBM Japan. This is my personal GitHub account.,ponzmild
shunk031,2015-03-17T15:36:50Z,2026-04-29T07:14:15Z,User,False,157,16,166,70,LY corp. & Hosei University,https://shunk031.me/,Japan / Tokyo,True,Ph.D. Research Scientist working on automatically generating creative graphic design,shunk031
chktkd,2025-07-05T11:17:22Z,2026-05-17T01:00:11Z,User,False,5,0,5,49,,chktkd.com,,True,🎍,chktkd
malanjp,2009-08-27T06:50:09Z,2025-12-18T12:09:42Z,User,False,22,19,38,55,,,"Tokyo, Japan",,Web Application Developer (Frontend/Backend/Infrastructure),ma1anjp
hita-hita-hita,2025-07-19T08:51:31Z,2026-04-26T08:12:03Z,User,False,0,0,0,3,,,,,,
tonarinohey,2017-03-12T01:29:34Z,2026-04-28T16:28:48Z,User,False,8,0,13,12,,,,,"Comic artist/Illustrator in Japan.
ex- Software Engineer in SaaS corp.",
aiotter,2018-03-22T14:43:49Z,2026-05-15T06:35:03Z,User,False,94,9,44,12,Kyoto University,,"Kyoto, Japan",True,"
    🦦 otter driven development
",aiotter_tech
akiomik,2012-02-21T15:07:03Z,2026-05-11T04:10:40Z,User,False,237,16,198,140,,https://0m1.io,Japan,True,Bird lover.,
ys2GFyjd4dgit,2015-07-15T13:02:41Z,2026-04-24T03:39:59Z,User,False,0,0,8,41,,,,,,
RinSUGI,2025-01-13T08:26:10Z,2026-03-23T11:48:47Z,User,False,0,0,1,2,,,,,A programmer developing web applications for customers such as makers etc.,RinSUGI_SF
nonnil,2021-06-08T13:48:58Z,2026-05-19T00:20:01Z,User,False,8,0,8,3,Keio University,https://haunted.fail/,The Internet,,for offensive purpose only,nilpotent_
HiroshigeAoki,2019-12-01T15:22:01Z,2026-05-14T16:06:54Z,User,False,10,7,2,3,,,Tokyo,True,,
chalkygames123,2013-10-04T02:42:00Z,2026-03-05T12:15:50Z,User,False,24,20,58,145,Rhelixa Inc.,,"Hedonic Treadmill, Japan",,"Front-End Web Developer · Suffer from misophonia, misokinesia, scopophobia, and insomnia",
SPICKEY0965,2023-06-20T01:11:33Z,2026-03-09T02:28:41Z,User,False,4,0,0,0,,,,,,
tgfjt,2012-10-23T04:10:06Z,2026-02-10T01:32:00Z,User,False,198,112,80,61,HADOUX WORKS,https://fujitatakashi.com/,"Nagano, Japan",True,🥸 Web Developer,tgfjt
mattyatea,2019-10-13T17:05:48Z,2026-05-18T09:22:52Z,User,False,40,4,100,143,@misskeyio ,https://nanasi-apps.xyz,Japan,,,
Ryu0118,2021-07-24T15:53:04Z,2026-05-11T14:34:48Z,User,False,124,2,118,35,LY Corporation,sbryu.com,Japan,,🤖 AI-Whipping Engineer,
enleur,2011-06-18T21:29:26Z,2026-04-13T07:17:18Z,User,False,2,3,63,40,,,"Kyiv, Ukraine",,,Enleur
kayahara-yuki,2023-01-10T12:05:36Z,2026-04-16T10:44:44Z,User,False,10,0,5,6,,,,,,
khirotaka,2016-11-27T10:06:30Z,2026-05-10T02:35:44Z,User,False,77,28,87,72,,https://khirotaka.github.io/,"Tokyo, Japan",,"Engineer in Japan. I like Python, but I want to learn some static typing language like Go.",
time-and-rice,2023-06-21T10:33:17Z,2026-05-06T14:13:10Z,User,False,0,0,0,1,,,,,,
keufcp,2023-10-27T12:43:13Z,2026-05-19T17:40:07Z,User,False,13,1,2,3,,,Japan,,,
ykoyano,2014-04-02T05:03:07Z,2026-05-19T12:30:57Z,User,False,20,2,30,7,,,,,,
kazuhideoki,2020-01-23T23:21:36Z,2026-05-16T07:13:11Z,User,False,36,0,5,8,,,,,,
ytoune,2015-09-24T02:06:19Z,2026-03-08T10:48:52Z,User,False,51,14,10,5,,http://booksunder.web.fc2.com/link/,"kumamoto, japan",,,rithmety
kaznak,2015-04-21T05:01:38Z,2026-05-05T11:57:31Z,User,False,316,47,31,123,,https://www.kaznak.work,"Tokyo, Japan",,,
midasdf,2025-03-30T07:29:33Z,2026-04-09T14:09:42Z,User,False,19,0,5,0,,https://midasdf.github.io/,,,I write systems software in Zig.,
himkt,2013-08-05T07:33:33Z,2026-05-16T06:46:09Z,User,False,196,36,243,63,"Preferred Networks, Inc.",https://himkt.github.io/profile,"Tokyo, Japan",True,,himako_h
gentamura,2012-01-14T05:03:31Z,2026-05-09T02:31:18Z,User,False,130,10,13,14,GEN Ltd.,https://gen-ltd.jp,"Tokyo, Japan",,Software Engineer - Frontend,gentamura84
phoorichet,2012-05-02T15:54:20Z,2026-04-20T14:19:36Z,User,False,63,16,43,52,,,,,Love coding :),
fan-k-tamura,2015-10-01T07:58:09Z,2026-03-08T23:43:17Z,User,False,5,0,2,2,,,,,,
tab4moji,2018-09-03T12:29:48Z,2026-05-20T14:45:44Z,User,False,10,0,0,0,,,,,,
halqme,2020-07-15T07:14:04Z,2026-05-20T14:35:24Z,User,False,36,3,9,12,University Student,https://www.0w0.foo,Osaka/Japan,,University Student in Japan,halqme_dev
simorgh3196,2014-11-21T09:11:27Z,2026-05-19T01:28:08Z,User,False,69,0,66,64,taskey Inc.,,"Tokyo, Japan",,"iOS App Developer

Twitter: @simorgh3196
Qiita: simorgh3196",simorgh3196
wangchangdog,2020-02-27T10:35:24Z,2026-05-16T04:28:27Z,User,False,35,0,16,18,,,Japan,,,
homemade-ramen,2022-04-17T11:48:15Z,2026-05-07T15:38:21Z,User,False,3,0,4,0,,,,,,
sh1nduu,2016-10-03T00:41:12Z,2025-10-17T10:25:46Z,User,False,24,0,10,1,,,,,,
hiono,2013-03-25T06:43:10Z,2026-05-18T22:11:30Z,User,False,62,21,9,5,,,japan,,,
hiro0218,2013-02-17T11:33:47Z,2026-05-18T02:53:19Z,User,False,126,7,62,73,"ZOZO, Inc.",https://b.0218.jp,Japan,,塞翁が馬,hiro0218
nu0ma,2017-06-22T08:27:18Z,2026-05-13T10:38:26Z,User,False,79,5,11,3,,nu0ma.dev,Japan,,The net is vast and infinite.,
ykpythemind,2016-09-15T04:38:08Z,2026-04-24T13:04:45Z,User,False,107,21,17,5,@heyinc ,https://scrapbox.io/ykpythemind/ykpythemind,"Tokyo, Japan",,,ykpythemind
Priestly,2012-09-25T10:14:49Z,2026-05-16T11:20:55Z,User,False,1,2,0,0,,,,,,
beauNate,2019-04-05T17:31:45Z,2026-05-21T03:32:55Z,User,False,82,11,25,238,,,,,Full-stack developer passionate about AI integration and automation 🚀 | Building intelligent solutions with modern tools | Open source enthusiast,
ftnext,2016-08-27T04:46:53Z,2026-05-19T03:32:35Z,User,False,277,401,81,194,,,,,Twitter: https://twitter.com/ftnext,
sakebook,2011-04-14T11:10:13Z,2026-05-06T16:39:03Z,User,False,110,4,76,36,,https://sakebook.hatenablog.com,Tokyo,,Smartphone app developer,
jackchuka,2012-12-17T11:19:12Z,2026-03-22T07:46:54Z,User,False,56,1,46,14,,https://jackchuka.com/,,,Head of Platform at Tailor.tech │ Lives in Tokyo │ BS in CS UC Irvine,jackchuka
exoego,2009-09-16T08:18:52Z,2026-05-20T06:18:24Z,User,False,98,24,138,15,@bw-company,https://www.exoego.net/,"WFH, Japan",,,exoego
ryo246912,2020-10-17T23:57:11Z,2026-05-09T16:20:37Z,User,False,39,0,41,151,,,,,I love CLI / tmux.,
toliner,2017-10-23T09:01:10Z,2026-04-13T05:59:25Z,User,False,79,14,76,43,,,"Yokohama, Japan",,"Kotlin Love
Server-side Kotlin Programmer
Minecraft Modder with Kotlin
",
sohag1234539,2026-03-04T03:28:04Z,2026-04-10T19:00:59Z,User,False,0,0,1,2,,,,,,
anadvv,2025-07-16T16:12:34Z,2026-03-02T17:57:40Z,User,False,19,0,9,13,,,,,,
fari098,2026-03-13T12:01:22Z,2026-04-26T14:44:34Z,User,False,3,0,1,0,,,,,,
bmorium093-hash,2025-11-16T12:31:12Z,2025-11-16T12:31:12Z,User,False,18,2,7,20,,,,,,
samiulislam20161-tech,2026-03-26T11:51:20Z,2026-03-26T12:34:32Z,User,False,0,0,0,0,,,,,Registering at Play Croco is a straightforward process that takes just a few minutes. New players need to provide basic personal details such as their name. ,
fasahinaya-commits,2026-05-05T08:50:21Z,2026-05-05T08:50:21Z,User,False,0,0,0,0,,,,,,
era690862,2026-05-16T12:02:20Z,2026-05-16T12:03:58Z,User,False,0,0,0,0,,https://methspin-onlineau.com/,,,"MethSpin Banking Options Deposit instantly at MethSpin with Visa, Neosurf, and bank transfers. Players in Australia can choose fast and secure options that fit ",
shpolash578-rgb,2026-02-15T11:33:14Z,2026-04-13T17:34:02Z,User,False,3,0,1,2,,,,,,
HikaruEgashira,2018-05-16T04:37:26Z,2026-05-20T08:57:20Z,User,False,178,7,100,75,,x.com/0xhikae,,,RedTeam @freee | Supply Chain Security @sisaku-security,
billkley1802,2026-03-04T11:45:59Z,2026-04-19T09:29:31Z,User,False,9,0,3,6,,,,,Student,
d4rw1nz,2022-03-29T08:18:53Z,2026-04-27T01:33:37Z,User,False,4,0,13,21,,,,,,
ToymurDeveloper,2022-12-30T17:20:44Z,2026-05-06T20:46:54Z,User,False,6,0,1,2,,,,,I am a full time developer on Fiverr and Upwork. ,
xiaozi,2011-01-31T10:45:14Z,2026-02-26T00:46:52Z,User,False,25,1,548,45,meituan,https://tool.lu/,beijing,True,tianzi,
Wintus,2014-01-13T03:25:12Z,2026-05-01T06:10:10Z,User,False,102,173,41,77,,,Tokyo,,I was a web dev → now on the ground 📡🛰️,wint7
Ota1022,2019-09-29T05:25:08Z,2026-05-19T09:10:36Z,User,False,25,0,14,26,@3-shake,https://ota1022.github.io/,Tokyo,,,
nazih987,2025-06-27T18:13:50Z,2026-01-23T21:23:29Z,User,False,1,0,0,4,,,,,,
zzvo,2020-10-08T03:07:42Z,2026-05-21T06:12:11Z,User,False,0,0,0,0,,,,,,
JasonYang0104,2024-04-02T01:11:17Z,2026-05-12T09:58:18Z,User,False,16,0,3,10,,,,,,
Shovodaaaa,2026-02-11T09:55:53Z,2026-05-11T05:13:53Z,User,False,4,0,2,1,,,,,,
sathichawla-5,2026-04-10T19:22:42Z,2026-04-19T09:46:24Z,User,False,5,0,0,5,,,,,,
glushrom777-collab,2025-12-30T14:59:53Z,2026-04-04T13:28:22Z,User,False,6,0,4,8,,,,,,
shekhor696,2025-06-26T12:13:40Z,2026-05-05T04:20:22Z,User,False,4,0,1,2,,,,,,
SlashNephy,2014-04-15T12:21:28Z,2026-05-19T14:59:18Z,User,False,169,5,124,49,,https://spica.starry.blue,"Tokyo, Japan",True,"(*˘︶˘*).｡.:*♡ Go, TypeScript, Kubernetes, Kotlin, .NET, Python",SlashNephy
alexeyperedereev4489-web,2026-04-01T18:20:53Z,2026-04-01T18:20:53Z,User,False,0,0,0,0,,,,,,
Sammmm15827,2025-02-02T07:53:27Z,2026-04-19T06:00:57Z,User,False,17,0,1,18,,,,,Interested in blockchain,
sigma7863,2024-04-29T21:40:23Z,2026-05-15T16:58:03Z,User,False,254,3,788,2008,,,Japan,,HighScool Student・Vibe Coder,sigma7863
lucy30096-cmd,2026-03-18T22:38:36Z,2026-03-19T10:46:41Z,User,False,4,0,2,7,,,,,,
camornasta19-ops,2026-02-14T12:08:11Z,2026-02-14T12:08:11Z,User,False,0,0,1,0,,,,,,
129besan,2024-04-23T06:23:44Z,2026-05-21T08:08:41Z,User,False,4,0,0,1,,,,,情報科学の大学院生。,
tkancf,2016-04-12T15:37:17Z,2026-05-15T07:40:21Z,User,False,23,7,23,44,,https://tkancf.com/,Japan,True,"☕️
    
",
cagecage5432-code,2025-12-13T12:03:25Z,2026-04-10T19:03:51Z,User,False,6,0,0,4,,,,,,
niraislam744,2025-07-30T10:48:42Z,2025-11-25T08:09:39Z,User,False,1,0,1,4,,,,,,
DeluxeOwl,2019-08-20T17:23:56Z,2026-04-24T07:55:36Z,User,False,115,4,103,91,,https://andreisurugiu.com,,,dev and oops,andreisurugiu_
tanjidulalam31,2026-02-01T15:42:49Z,2026-04-01T15:55:22Z,User,False,10,0,3,10,,,,,,
barnojonyuldasheva-del,2026-05-19T15:12:54Z,2026-05-19T15:12:54Z,User,False,0,0,0,0,,,,,,
firasmom-ship-it,2025-08-13T21:28:44Z,2025-12-17T20:40:04Z,User,False,1,0,1,3,Jordan ,,,,,
t3yamoto,2018-04-16T14:12:40Z,2025-08-11T01:48:41Z,User,False,53,13,4,14,,,"Kanagawa, Japan",,,
sasezaki,2008-12-26T13:43:41Z,2025-01-13T23:50:55Z,User,False,371,170,156,323,,https://github.com/struggle-for-php/,,True,,sasezaki
ichizero,2017-08-05T15:50:39Z,2026-05-10T06:59:20Z,User,False,31,0,14,9,,,Japan,,ʕ◔ϖ◔ʔ < Hello!,
shimabukuromeg,2015-02-07T08:09:54Z,2026-05-20T05:45:51Z,User,False,61,12,21,39,,,,,,
youxkei,2010-10-10T13:21:20Z,2026-05-13T04:11:54Z,User,False,96,15,69,32,,,"Tokyo, Japan",,,
KS1019,2014-03-02T02:17:32Z,2026-04-25T02:10:50Z,User,False,84,0,72,244,,ks1019.github.io/blog/,,,,Kotarong1
TeddyHuang-00,2020-04-23T10:29:03Z,2026-05-11T18:14:04Z,User,False,103,3,44,32,UNC @ Charlotte,https://teddyhuang-00.github.io/,,,,
nawazz2024,2026-04-08T15:27:33Z,2026-04-08T15:27:33Z,User,False,4,0,0,0,,,,,,
shasuny120-sketch,2026-04-19T09:44:14Z,2026-04-19T09:56:02Z,User,False,0,0,0,7,,,,,"Crypto enthusiast,",
Alaminala12671,2025-11-28T14:47:38Z,2025-11-28T14:47:38Z,User,False,0,0,0,3,,,,,,
fiza100304-prog,2025-09-22T16:41:13Z,2025-09-22T16:41:13Z,User,False,4,0,3,4,,,,,,
mmmanikbabu2211-creator,2025-11-06T08:04:22Z,2025-11-06T08:04:22Z,User,False,1,0,3,8,,,,,,
jannatulakhiakhi90-create,2025-12-10T11:27:36Z,2026-01-07T08:30:53Z,User,False,1,0,3,13,,,,,,
Pranto6778,2025-11-23T10:50:49Z,2026-02-20T15:58:14Z,User,False,6,0,3,6,,,,,Studying BA Honours ,
sabrinaafrin8392-cmyk,2025-12-10T10:49:42Z,2026-05-20T15:57:50Z,User,False,4,0,0,15,,,,,,
tariqulislamtushar40-ship-it,2026-02-25T22:02:32Z,2026-02-25T22:02:32Z,User,False,5,0,0,3,,,,,,
sadiarah24,2026-04-03T12:54:56Z,2026-05-09T19:54:51Z,User,False,4,0,1,0,,,,,,
haruki26,2024-04-22T01:37:24Z,2026-05-21T06:55:11Z,User,False,21,2,10,11,Kyoto college of Design and Technology,https://kyoto-tech.ac.jp,,,I'm a student.,
vshugai94-glitch,2026-04-07T11:02:12Z,2026-04-07T11:02:12Z,User,False,1,0,0,0,,,,,,
mdsaeid911-cmd,2026-01-28T11:05:56Z,2026-04-10T18:51:53Z,User,False,7,0,2,4,,,,,"​💻 Passionate about technology | 🚀 Constant learner | ☕ Coffee, Code, Repeat.",
Paulkost92,2026-03-13T10:35:47Z,2026-05-19T11:12:06Z,User,False,3,0,0,0,,,,,,
mdhoque321567-star,2025-10-11T21:05:41Z,2025-10-11T21:05:41Z,User,False,0,0,1,2,,,,,,
alexanserj,2025-04-03T03:56:00Z,2026-04-27T10:16:13Z,User,False,7,0,5,9,,,,,"who is reading this?
",
mobassir22,2026-02-22T10:42:23Z,2026-05-20T11:45:02Z,User,False,3,0,1,3,,,,,,
exotic33-colud,2026-03-11T13:09:59Z,2026-04-25T18:24:41Z,User,False,7,0,1,1,,https://methspin-onlineau.com/,,,"Across Victoria and other Australian states, MethSpin has carved out a solid reputation among pokies enthusiasts. Much like King Billy Casino.",
svetaboyh,2026-05-20T11:55:55Z,2026-05-20T11:57:22Z,User,False,0,0,0,0,,,,,,
trez241825-cyber,2026-04-10T13:04:07Z,2026-04-10T13:04:07Z,User,False,0,0,0,1,,,,,,
bestiya,2018-02-02T19:04:04Z,2026-03-16T10:50:00Z,User,False,7,0,9,5,,,,,"Hi, I'm Maria, I am interested in crypto projects",
metinmetin18,2021-03-28T14:09:24Z,2026-05-13T14:59:54Z,User,False,1,0,1,1,,,,,,
olegkononov423-collab,2025-10-09T01:33:50Z,2026-05-02T11:23:12Z,User,False,7,0,1,42,,https://crusinodepositca.com/,,,"Crusino mobile experience is fantastic, with no need for a dedicated app. Punters can access the full casino platform directly through.",
manha9330,2026-04-19T07:24:43Z,2026-04-19T07:30:09Z,User,False,3,0,1,1,,,,,Naii,
Vaaddii,2025-12-22T00:30:44Z,2026-01-24T21:23:27Z,User,False,5,0,1,9,,,,,,
hananansari123g-ops,2026-05-02T19:35:51Z,2026-05-02T19:35:51Z,User,False,1,0,0,2,,,,,,
shoaib44-24,2026-02-22T12:36:45Z,2026-02-22T12:36:45Z,User,False,5,0,0,3,,,,,,
kamalislam8811,2026-05-20T12:42:48Z,2026-05-20T12:42:48Z,User,False,5,0,0,0,,,,,,
fatematujj774-sketch,2026-02-12T12:32:08Z,2026-02-12T12:32:08Z,User,False,0,0,0,2,,,,,,
frontalex,2010-10-11T21:29:09Z,2026-03-04T08:03:08Z,User,False,26,11,20,53,,,Georgia,True,,
nadianeha333,2026-03-15T08:20:59Z,2026-05-06T12:14:14Z,User,False,3,0,0,2,,,,,,
arifulislam22001122-blip,2026-05-20T14:19:30Z,2026-05-20T14:19:30Z,User,False,0,0,0,0,,,,,,
nowrinnowrin2244-lang,2026-03-26T15:09:28Z,2026-03-26T15:09:28Z,User,False,0,0,0,4,,,,,,
abun70996-hub,2026-05-10T03:45:41Z,2026-05-10T03:45:41Z,User,False,0,0,0,0,,,,,,
sgash708,2019-11-07T03:41:38Z,2026-03-25T02:53:06Z,User,False,64,23,0,0,"Yamashita Co., Ltd.",,Asia/Tokyo,True,"PHPer -> Gopher
Golang/AWS/Angular/TypeScript/Terraform",satoIsSugar
Rabeya47165,2025-08-23T09:24:31Z,2026-05-04T20:30:36Z,User,False,2,0,1,4,,,,,,
rosaaa98,2026-02-10T15:57:25Z,2026-05-19T11:54:45Z,User,False,8,0,3,4,,,,,,
dasavishek374038-dot,2025-11-17T17:01:53Z,2026-05-15T19:26:53Z,User,False,0,0,0,0,,,,,,
mrmotinyt44,2026-05-02T00:37:04Z,2026-05-15T02:10:37Z,User,False,1,0,0,4,,,,,prs_1d593b,
michelande1985,2026-05-15T06:59:44Z,2026-05-20T17:17:40Z,User,False,2,0,0,1,,,,,Information Technology Student ,
zeno54379-cpu,2026-01-07T02:11:02Z,2026-01-07T02:11:02Z,User,False,4,0,0,7,,,,,,
farikmax4-cpu,2026-05-03T17:18:00Z,2026-05-03T17:18:00Z,User,False,0,0,0,0,,,,,,
sinstaik,2025-06-23T09:40:54Z,2026-04-10T19:12:58Z,User,False,7,0,5,6,,,,,,
timurmg-spec,2026-03-15T23:11:38Z,2026-03-15T23:14:31Z,User,False,3,0,0,0,,,,,,
selvialadia,2026-03-24T20:47:35Z,2026-04-20T02:22:08Z,User,False,3,0,0,4,,,,,prs_ebc854,
top121Hofa123,2023-01-13T21:32:32Z,2026-02-22T13:21:26Z,User,False,6,0,2,3,,,,,,
mdmayaop6-blip,2026-05-21T02:19:51Z,2026-05-21T02:19:51Z,User,False,0,0,0,0,,,,,,
molchanso1987-hue,2026-03-02T05:12:27Z,2026-05-06T03:05:33Z,User,False,0,0,0,0,,,,,,
gabdrashitov100-ux,2026-05-17T15:59:58Z,2026-05-17T15:59:58Z,User,False,0,0,0,0,,,,,,
shoichiaizawa,2012-03-24T18:03:48Z,2026-05-12T01:00:35Z,User,False,5,0,133,201,"Cloud Ace, Inc. (@cloud-ace)",https://shoichiaizawa.github.io,"London, United Kingdom",,,
Ibraq88,2026-04-27T15:37:00Z,2026-05-15T16:35:45Z,User,False,0,0,0,0,,,,,,
rominhasan271,2026-05-06T08:49:14Z,2026-05-06T08:49:14Z,User,False,1,0,0,0,,,,,,
